iter,curriculum,curriculum_metric,total_num_steps,alpha,cycle_count,fps,entropy,value_loss,action_loss,value_loss_old,action_loss_old,value_reg_loss,action_reg_loss,total_iterations,mean_rew,median_rew,min_rew,max_rew
1,0,0,9960,0,0,4026,5.6692352294921875,178.968017578125,-0.009618178941309452,0.0,0.0,0.0,0.0,401,-109.10812878396668,-108.9539210525887,-120.89796931488502,-97.5822141949907
2,0,0,19920,0,0,5082,5.661286354064941,53.52105712890625,-0.007969032041728497,0.0,0.0,0.0,0.0,401,-109.7631064902914,-108.33155341534967,-129.05031571968212,-95.9304499717417
3,0,0,29880,0,0,5564,5.648231029510498,21.479209899902344,-0.00972315389662981,0.0,0.0,0.0,0.0,401,-110.45255198865433,-108.54018491954668,-131.1438768676861,-95.9304499717417
4,0,0,39840,0,0,5676,5.656589031219482,11.285873413085938,-0.014093360863626003,0.0,0.0,0.0,0.0,401,-110.57377279249316,-108.83792052437707,-131.1438768676861,-97.33093279835334
5,0,0,49800,0,0,5679,5.664732933044434,6.268510818481445,-0.014706291258335114,0.0,0.0,0.0,0.0,401,-110.41801091970615,-108.96718126301033,-131.1438768676861,-97.33093279835334
6,0,0,59760,0,0,5825,5.6653523445129395,2.473658561706543,-0.01555632147938013,0.0,0.0,0.0,0.0,401,-110.3221886487585,-108.65754633563603,-131.1438768676861,-98.51675129396779
7,0,0,69720,0,0,5835,5.666845321655273,1.3446807861328125,-0.012835853733122349,0.0,0.0,0.0,0.0,401,-110.10048396433614,-108.65754633563603,-131.1438768676861,-98.31845570614313
8,0,0,79680,0,0,5797,5.646093368530273,0.365403413772583,-0.014934360049664974,0.0,0.0,0.0,0.0,401,-110.0889220585446,-108.64357473471699,-131.1438768676861,-98.31845570614313
9,0,0,89640,0,0,5734,5.591965675354004,0.2617926597595215,-0.011422913521528244,0.0,0.0,0.0,0.0,401,-110.02635017680808,-108.52792547204874,-131.1438768676861,-98.31845570614313
10,0,0,99600,0,0,5662,5.511844635009766,0.06155090406537056,-0.018710961565375328,0.0,0.0,0.0,0.0,401,-110.02635017680808,-108.52792547204874,-131.1438768676861,-98.31845570614313
11,0,0,109560,0,0,5596,5.413313388824463,0.03434554114937782,-0.023006191477179527,0.0,0.0,0.0,0.0,401,-110.02635017680808,-108.52792547204874,-131.1438768676861,-98.31845570614313
12,0,0,119520,0,0,5570,5.337785720825195,0.038794681429862976,-0.021255217492580414,0.0,0.0,0.0,0.0,401,-110.02635017680808,-108.52792547204874,-131.1438768676861,-98.31845570614313
13,0,0,129480,0,0,5490,5.267636299133301,0.04697250947356224,-0.019274715334177017,0.0,0.0,0.0,0.0,401,-110.02635017680808,-108.52792547204874,-131.1438768676861,-98.31845570614313
14,0,0,139440,0,0,5453,5.210257053375244,0.0506887249648571,-0.020413238555192947,0.0,0.0,0.0,0.0,401,-110.02635017680808,-108.52792547204874,-131.1438768676861,-98.31845570614313
15,0,0,149400,0,0,5380,5.1493988037109375,0.04809514433145523,-0.023523254320025444,0.0,0.0,0.0,0.0,401,-110.02635017680808,-108.52792547204874,-131.1438768676861,-98.31845570614313
16,0,0,159360,0,0,5328,5.09895658493042,0.07573354989290237,-0.021579574793577194,0.0,0.0,0.0,0.0,401,-110.02635017680808,-108.52792547204874,-131.1438768676861,-98.31845570614313
17,0,0,169320,0,0,5298,5.047523021697998,0.06819654256105423,-0.021949637681245804,0.0,0.0,0.0,0.0,401,-110.02635017680808,-108.52792547204874,-131.1438768676861,-98.31845570614313
18,0,0,179280,0,0,5258,4.982571125030518,0.06561523675918579,-0.022896571084856987,0.0,0.0,0.0,0.0,401,-110.02635017680808,-108.52792547204874,-131.1438768676861,-98.31845570614313
19,0,0,189240,0,0,5222,4.936830997467041,0.09068465977907181,-0.02168223075568676,0.0,0.0,0.0,0.0,401,-110.02635017680808,-108.52792547204874,-131.1438768676861,-98.31845570614313
20,0,0,199200,0,0,5197,4.924501895904541,4.8528852462768555,-0.010578667744994164,0.0,0.0,0.0,0.0,401,-102.85782334024431,-104.65394812603327,-129.05143490529184,-64.95990947404762
21,0,0,209160,0,0,5154,4.924342155456543,9.768059730529785,-0.008876192383468151,0.0,0.0,0.0,0.0,401,-93.87145113585038,-97.26082619684709,-122.5982403907658,-59.13875596401687
22,0,0,219120,0,0,5116,4.922938823699951,11.35555648803711,-0.010195133276283741,0.0,0.0,0.0,0.0,401,-93.42506805326094,-99.32873050838083,-125.46246758485896,-59.13875596401687
23,0,0,229080,0,0,5093,4.921767234802246,8.983715057373047,-0.01169058121740818,0.0,0.0,0.0,0.0,401,-94.87275770086083,-103.87158983997938,-128.4846412685259,-59.13875596401687
24,0,0,239040,0,0,5071,4.919407367706299,4.561225891113281,-0.011584197171032429,0.0,0.0,0.0,0.0,401,-94.5371336410158,-104.97512011875213,-128.4846412685259,-43.2742065658178
25,0,0,249000,0,0,5043,4.913218021392822,0.7923699617385864,-0.012589005753397942,0.0,0.0,0.0,0.0,401,-94.76390428444724,-104.97512011875213,-128.4846412685259,-43.2742065658178
26,0,0,258960,0,0,5015,4.9065046310424805,1.020557165145874,-0.010790376923978329,0.0,0.0,0.0,0.0,401,-93.70169526429451,-104.53322928365009,-128.4846412685259,-43.2742065658178
27,0,0,268920,0,0,4998,4.905201435089111,0.5929192900657654,-0.013610650785267353,0.0,0.0,0.0,0.0,401,-93.19620275292489,-104.53322928365009,-128.4846412685259,-31.53942529090803
28,0,0,278880,0,0,4981,4.897438049316406,0.19648028910160065,-0.015017487108707428,0.0,0.0,0.0,0.0,401,-93.42661395376132,-104.97512011875213,-128.4846412685259,-31.53942529090803
29,0,0,288840,0,0,4978,4.868793487548828,0.09472184628248215,-0.01978696696460247,0.0,0.0,0.0,0.0,401,-93.42661395376132,-104.97512011875213,-128.4846412685259,-31.53942529090803
30,0,0,298800,0,0,4981,4.835115432739258,0.08646488934755325,-0.010489885695278645,0.0,0.0,0.0,0.0,401,-93.42661395376132,-104.97512011875213,-128.4846412685259,-31.53942529090803
31,0,0,308760,0,0,4976,4.798431396484375,0.08318189531564713,-0.02194022759795189,0.0,0.0,0.0,0.0,401,-93.42661395376132,-104.97512011875213,-128.4846412685259,-31.53942529090803
32,0,0,318720,0,0,4967,4.756870746612549,0.11398781836032867,-0.020427420735359192,0.0,0.0,0.0,0.0,401,-93.42661395376132,-104.97512011875213,-128.4846412685259,-31.53942529090803
33,0,0,328680,0,0,4959,4.72378396987915,0.11195892840623856,-0.022487694397568703,0.0,0.0,0.0,0.0,401,-93.42661395376132,-104.97512011875213,-128.4846412685259,-31.53942529090803
34,0,0,338640,0,0,4957,4.682236671447754,0.11352197080850601,-0.02301844023168087,0.0,0.0,0.0,0.0,401,-93.42661395376132,-104.97512011875213,-128.4846412685259,-31.53942529090803
35,0,0,348600,0,0,4951,4.636470317840576,0.12271897494792938,-0.017671754583716393,0.0,0.0,0.0,0.0,401,-93.42661395376132,-104.97512011875213,-128.4846412685259,-31.53942529090803
36,0,0,358560,0,0,4938,4.594203948974609,0.11870988458395004,-0.018359266221523285,0.0,0.0,0.0,0.0,401,-93.42661395376132,-104.97512011875213,-128.4846412685259,-31.53942529090803
37,0,0,368520,0,0,4925,4.542058944702148,0.14141622185707092,-0.020235121250152588,0.0,0.0,0.0,0.0,401,-93.42661395376132,-104.97512011875213,-128.4846412685259,-31.53942529090803
38,0,0,378480,0,0,4923,4.5052809715271,0.41873425245285034,-0.011258996091783047,0.0,0.0,0.0,0.0,401,-93.30910670141245,-104.53322928365009,-128.4846412685259,-31.53942529090803
39,0,0,388440,0,0,4922,4.494634628295898,0.8421176075935364,-0.012589739635586739,0.0,0.0,0.0,0.0,401,-90.0588284341998,-104.53322928365009,-128.4846412685259,-23.39986558498816
40,0,0,398400,0,0,4910,4.490685939788818,4.045285224914551,-0.010839704424142838,0.0,0.0,0.0,0.0,401,-73.63638405789762,-71.54446849319021,-128.4846412685259,25.51294554456633
41,0,0,408360,0,0,4915,4.488773822784424,6.032413959503174,-0.009606375358998775,0.0,0.0,0.0,0.0,401,-59.466916828826804,-49.177278810071755,-128.4846412685259,25.51294554456633
42,0,0,418320,0,0,4911,4.485432147979736,2.2870538234710693,-0.011717895977199078,0.0,0.0,0.0,0.0,401,-46.84016450991166,-25.515582530724473,-127.49779604332522,25.51294554456633
43,0,0,428280,0,0,4903,4.482218265533447,2.09425687789917,-0.01208934374153614,0.0,0.0,0.0,0.0,401,-31.102142116030645,-16.79708806710752,-127.49779604332522,25.51294554456633
44,0,0,438240,0,0,4898,4.474550724029541,0.492480993270874,-0.012380091473460197,0.0,0.0,0.0,0.0,401,-30.751618004783253,-15.090122762329283,-127.49779604332522,25.51294554456633
45,0,0,448200,0,0,4888,4.465437412261963,2.4803149700164795,-0.00829586386680603,0.0,0.0,0.0,0.0,401,-30.936041402816098,-14.437933880669343,-127.49779604332522,21.2189833700837
46,0,0,458160,0,0,4882,4.446394443511963,0.4281691014766693,-0.01669110544025898,0.0,0.0,0.0,0.0,401,-30.827239744423494,-13.45961027416151,-127.49779604332522,21.310206418386997
47,0,0,468120,0,0,4870,4.401595592498779,0.18895679712295532,-0.017558589577674866,0.0,0.0,0.0,0.0,401,-29.866082164513266,-12.39895778070241,-127.49779604332522,37.184788777347684
48,0,0,478080,0,0,4860,4.352798938751221,0.14620769023895264,-0.015160668641328812,0.0,0.0,0.0,0.0,401,-28.899457962914532,-12.180714497888284,-127.49779604332522,37.184788777347684
49,0,0,488040,0,0,4855,4.31544303894043,0.46963125467300415,-0.006769236177206039,0.0,0.0,0.0,0.0,401,-29.406072232483087,-12.180714497888284,-127.49779604332522,37.184788777347684
50,0,0,498000,0,0,4861,4.294478416442871,0.5890511870384216,-0.011225743219256401,0.0,0.0,0.0,0.0,401,-29.81568295799387,-12.180714497888284,-127.49779604332522,37.184788777347684
51,0,0,507960,0,0,4853,4.2676682472229,0.19781802594661713,-0.011573978699743748,0.0,0.0,0.0,0.0,401,-29.81568295799387,-12.180714497888284,-127.49779604332522,37.184788777347684
52,0,0,517920,0,0,4850,4.20908784866333,0.1465427130460739,-0.017180059105157852,0.0,0.0,0.0,0.0,401,-29.81568295799387,-12.180714497888284,-127.49779604332522,37.184788777347684
53,0,0,527880,0,0,4844,4.151481628417969,0.15823745727539062,-0.01592128723859787,0.0,0.0,0.0,0.0,401,-29.81568295799387,-12.180714497888284,-127.49779604332522,37.184788777347684
54,0,0,537840,0,0,4838,4.126624584197998,0.43647751212120056,-0.010295301675796509,0.0,0.0,0.0,0.0,401,-29.81568295799387,-12.180714497888284,-127.49779604332522,37.184788777347684
55,0,0,547800,0,0,4843,4.11740779876709,0.6515287756919861,-0.010188025422394276,0.0,0.0,0.0,0.0,401,-29.597043902348165,-12.180714497888284,-127.35224216550775,37.184788777347684
56,0,0,557760,0,0,4839,4.110641002655029,0.5288509726524353,-0.008061110973358154,0.0,0.0,0.0,0.0,401,-29.00144939753985,-12.180714497888284,-127.35224216550775,37.184788777347684
57,0,0,567720,0,0,4833,4.099242210388184,1.2246495485305786,-0.011554400436580181,0.0,0.0,0.0,0.0,401,-30.28978674567594,-12.336047400451566,-127.35224216550775,37.184788777347684
58,0,0,577680,0,0,4826,4.093679904937744,1.236432671546936,-0.011485002934932709,0.0,0.0,0.0,0.0,401,-24.342806063688954,-11.917430416545638,-127.35224216550775,104.49622895222542
59,0,0,587640,0,0,4818,4.088702201843262,1.5827213525772095,-0.011655875481665134,0.0,0.0,0.0,0.0,401,-15.402533147064212,-8.98153409312524,-127.35224216550775,121.49239892459045
60,0,0,597600,0,0,4812,4.086014747619629,6.04306173324585,-0.01047389954328537,0.0,0.0,0.0,0.0,401,12.58060809471757,1.7742480763578707,-124.96326561319765,121.49239892459045
61,0,0,607560,0,0,4807,4.083947658538818,4.9412360191345215,-0.011082814075052738,0.0,0.0,0.0,0.0,401,33.40368182949247,51.581387419450124,-124.96326561319765,121.49239892459045
62,0,0,617520,0,0,4801,4.08201789855957,3.8626794815063477,-0.00885225459933281,0.0,0.0,0.0,0.0,401,55.83652380764863,92.53858914701793,-135.93402868903553,125.79288866117834
63,0,0,627480,0,0,4801,4.082134246826172,2.4493210315704346,-0.008338583633303642,0.0,0.0,0.0,0.0,401,60.54976570751874,94.73580747575343,-135.93402868903553,127.00202482661429
64,0,0,637440,0,0,4798,4.082206726074219,0.7252612709999084,-0.011064231395721436,0.0,0.0,0.0,0.0,401,66.06465558723279,97.02904712946722,-135.93402868903553,127.00202482661429
65,0,0,647400,0,0,4793,4.066281318664551,0.3683145046234131,-0.012706411071121693,0.0,0.0,0.0,0.0,401,68.42078889009936,98.730798883163,-135.93402868903553,127.00202482661429
66,0,0,657360,0,0,4794,4.035410404205322,1.1113228797912598,-0.008921612985432148,0.0,0.0,0.0,0.0,401,69.2480499105203,99.27442685595913,-135.93402868903553,136.6427240795122
67,0,0,667320,0,0,4791,4.0235371589660645,1.288912296295166,-0.010894107632339,0.0,0.0,0.0,0.0,401,69.76961051126467,99.67750894982156,-135.93402868903553,136.6427240795122
68,0,0,677280,0,0,4792,4.016476631164551,2.665400743484497,-0.011427507735788822,0.0,0.0,0.0,0.0,401,64.63851911909178,99.67750894982156,-135.93402868903553,136.6427240795122
69,0,0,687240,0,0,4795,4.014062404632568,2.216928720474243,-0.01011347584426403,0.0,0.0,0.0,0.0,401,63.194529237676186,99.78519186667171,-135.93402868903553,140.79354272992808
70,0,0,697200,0,0,4796,4.010929584503174,1.416045069694519,-0.012373385019600391,0.0,0.0,0.0,0.0,401,58.56263013490694,99.67750894982156,-135.93402868903553,140.79354272992808
71,0,0,707160,0,0,4796,4.002517223358154,1.9827358722686768,-0.010608081705868244,0.0,0.0,0.0,0.0,401,55.62169481729123,98.92199400838163,-135.93402868903553,140.79354272992808
72,0,0,717120,0,0,4797,3.9985415935516357,2.9636428356170654,-0.007913494482636452,0.0,0.0,0.0,0.0,401,52.30969506315687,98.30306400768859,-135.93402868903553,140.79354272992808
73,0,0,727080,0,0,4796,3.995912551879883,4.025264739990234,-0.009393703192472458,0.0,0.0,0.0,0.0,401,50.32950676022883,98.30306400768859,-135.93402868903553,140.79354272992808
74,0,0,737040,0,0,4798,3.988384485244751,0.6895465850830078,-0.010519026778638363,0.0,0.0,0.0,0.0,401,47.96836020758585,97.62800650098345,-135.93402868903553,140.79354272992808
75,0,0,747000,0,0,4793,3.9709198474884033,0.4648553431034088,-0.013371364213526249,0.0,0.0,0.0,0.0,401,48.243153598814146,97.62800650098345,-135.93402868903553,140.79354272992808
76,0,0,756960,0,0,4789,3.9593710899353027,1.0920791625976562,-0.011773052625358105,0.0,0.0,0.0,0.0,401,47.07710826914239,97.62800650098345,-135.93402868903553,149.6373303313754
77,0,0,766920,0,0,4790,3.943235397338867,0.44659894704818726,-0.00992065854370594,0.0,0.0,0.0,0.0,401,46.876154833642815,98.30306400768859,-135.93402868903553,149.6373303313754
78,0,0,776880,0,0,4787,3.915677547454834,1.2374422550201416,-0.008930186741054058,0.0,0.0,0.0,0.0,401,54.74803349157725,100.99871176352656,-135.93402868903553,149.6373303313754
79,0,0,786840,0,0,4783,3.8997108936309814,1.0068278312683105,-0.010022282600402832,0.0,0.0,0.0,0.0,401,66.76940515662051,111.2124270180972,-135.93402868903553,164.13660474096105
80,0,0,796800,0,0,4781,3.880039930343628,0.6915109753608704,-0.013179645873606205,0.0,0.0,0.0,0.0,401,76.03028670652868,121.30818856629622,-135.93402868903553,167.76372847752612
81,0,0,806760,0,0,4778,3.8592641353607178,0.46239206194877625,-0.012058936059474945,0.0,0.0,0.0,0.0,401,90.47671051096225,138.03672291186638,-133.3555414591891,167.76372847752612
82,0,0,816720,0,0,4778,3.839674234390259,0.45247265696525574,-0.014787904918193817,0.0,0.0,0.0,0.0,401,97.68460703667843,140.04942990477792,-133.3555414591891,167.76372847752612
83,0,0,826680,0,0,4777,3.819631814956665,0.3937540650367737,-0.0112706758081913,0.0,0.0,0.0,0.0,401,100.42043227758455,140.5883769704472,-133.3555414591891,167.76372847752612
84,0,0,836640,0,0,4773,3.8000307083129883,0.8076691031455994,-0.01002698764204979,0.0,0.0,0.0,0.0,401,106.27411145696267,141.3382573092722,-133.3555414591891,167.76372847752612
85,0,0,846600,0,0,4772,3.7912402153015137,1.3583725690841675,-0.012373560108244419,0.0,0.0,0.0,0.0,401,108.60678135851082,142.2160451249341,-133.3555414591891,167.76372847752612
86,0,0,856560,0,0,4769,3.7801647186279297,0.9753410816192627,-0.00928298756480217,0.0,0.0,0.0,0.0,401,113.03801161359743,143.25291507652992,-133.3555414591891,171.09674737290683
87,0,0,866520,0,0,4767,3.774750232696533,4.887869358062744,-0.008687599562108517,0.0,0.0,0.0,0.0,401,114.53704915003253,143.86174700838689,-133.3555414591891,171.09674737290683
88,0,0,876480,0,0,4764,3.7741456031799316,2.4901058673858643,-0.011384125798940659,0.0,0.0,0.0,0.0,401,119.98847096547361,144.64974639936537,-133.3555414591891,171.09674737290683
89,0,0,886440,0,0,4764,3.77048921585083,2.573113203048706,-0.009435898624360561,0.0,0.0,0.0,0.0,401,119.90036148890889,144.75243096806264,-121.6609850995193,171.09674737290683
90,0,0,896400,0,0,4762,3.764070749282837,2.574012041091919,-0.010362672619521618,0.0,0.0,0.0,0.0,401,117.25127861819816,145.31879287002994,-121.6609850995193,177.26624872842558
91,0,0,906360,0,0,4765,3.759756326675415,3.569206476211548,-0.009982185438275337,0.0,0.0,0.0,0.0,401,114.06281970276908,146.11013414963278,-121.6609850995193,188.0467094949312
92,0,0,916320,0,0,4764,3.7603812217712402,3.482424259185791,-0.01093871146440506,0.0,0.0,0.0,0.0,401,111.65324715803453,146.3415204882227,-121.6609850995193,188.0467094949312
93,0,0,926280,0,0,4765,3.7605326175689697,4.169440746307373,-0.01099524274468422,0.0,0.0,0.0,0.0,401,110.50698130614198,146.3415204882227,-121.6609850995193,188.0467094949312
94,0,0,936240,0,0,4763,3.753028154373169,0.6594412922859192,-0.01181961502879858,0.0,0.0,0.0,0.0,401,102.24492591305847,145.31879287002994,-121.6609850995193,188.0467094949312
95,0,0,946200,0,0,4760,3.7153637409210205,0.26334524154663086,-0.002711327513679862,0.0,0.0,0.0,0.0,401,102.24492591305847,145.31879287002994,-121.6609850995193,188.0467094949312
96,0,0,956160,0,0,4759,3.6885976791381836,1.006240725517273,-0.008652977645397186,0.0,0.0,0.0,0.0,401,102.85526927982399,145.31879287002994,-121.6609850995193,188.0467094949312
97,0,0,966120,0,0,4759,3.6793160438537598,0.8184112906455994,-0.011275611817836761,0.0,0.0,0.0,0.0,401,103.76161788535747,148.2865353315558,-121.6609850995193,189.66504542548222
98,0,0,976080,0,0,4762,3.669611930847168,1.6703177690505981,-0.010201815515756607,0.0,0.0,0.0,0.0,401,107.70322139365221,153.62302859109062,-121.6609850995193,202.7297013577916
99,0,0,986040,0,0,4762,3.6652097702026367,2.703845739364624,-0.01100349985063076,0.0,0.0,0.0,0.0,401,109.2854544609692,154.7467057282623,-121.6609850995193,205.79134520235544
100,0,0,996000,0,0,4765,3.6618239879608154,1.7596379518508911,-0.010798797011375427,0.0,0.0,0.0,0.0,401,111.63774431727389,167.8570862778712,-121.6609850995193,208.0838540318643
101,0,0,1005960,0,0,4765,3.660553455352783,2.424198865890503,-0.009404130280017853,0.0,0.0,0.0,0.0,401,118.09536632415497,174.12924822562857,-120.31403207967058,215.9754050536951
102,0,0,1015920,0,0,4765,3.657127618789673,1.880534052848816,-0.010838891379535198,0.0,0.0,0.0,0.0,401,122.0215527986896,176.70046878206952,-119.35853471373083,215.9754050536951
103,0,0,1025880,0,0,4767,3.651191234588623,1.3661490678787231,-0.010288245044648647,0.0,0.0,0.0,0.0,401,128.80777945551105,177.99504180643086,-119.35853471373083,215.9754050536951
104,0,0,1035840,0,0,4768,3.6472694873809814,2.5712411403656006,-0.008945174515247345,0.0,0.0,0.0,0.0,401,133.2638292996154,179.804245927487,-119.35853471373083,223.74726853259241
105,0,0,1045800,0,0,4768,3.6450865268707275,4.0680317878723145,-0.008504068478941917,0.0,0.0,0.0,0.0,401,134.65353999829105,180.88881586544983,-119.35853471373083,223.74726853259241
106,0,0,1055760,0,0,4766,3.6381940841674805,1.3738540410995483,-0.010624109767377377,0.0,0.0,0.0,0.0,401,132.3307718519484,180.88881586544983,-119.35853471373083,223.74726853259241
107,0,0,1065720,0,0,4767,3.626861572265625,2.590885877609253,-0.010557571426033974,0.0,0.0,0.0,0.0,401,139.28724934939413,182.7164277854729,-119.35853471373083,229.25272734432173
108,0,0,1075680,0,0,4764,3.6225695610046387,1.780735969543457,-0.012909662909805775,0.0,0.0,0.0,0.0,401,143.95858996501985,183.2126923293098,-111.32222191279939,229.25272734432173
109,0,0,1085640,0,0,4761,3.616748571395874,2.21221923828125,-0.008797773160040379,0.0,0.0,0.0,0.0,401,144.66020675051305,184.84789544032884,-111.32222191279939,229.25272734432173
110,0,0,1095600,0,0,4760,3.6036376953125,0.6991021037101746,-0.010693906806409359,0.0,0.0,0.0,0.0,401,140.3830531026598,185.40778603386678,-111.32222191279939,229.25272734432173
111,0,0,1105560,0,0,4758,3.578110456466675,0.7362917065620422,-0.012308113276958466,0.0,0.0,0.0,0.0,401,141.51473731242035,186.49473094299526,-111.32222191279939,238.39276274134625
112,0,0,1115520,0,0,4756,3.554380416870117,0.7212780714035034,-0.014280960895121098,0.0,0.0,0.0,0.0,401,139.93772864429624,186.28511442416868,-111.32222191279939,238.39276274134625
113,0,0,1125480,0,0,4753,3.5358192920684814,1.6035208702087402,-0.00873438362032175,0.0,0.0,0.0,0.0,401,142.35929631941596,186.8942810550516,-111.32222191279939,238.39276274134625
114,0,0,1135440,0,0,4751,3.531294822692871,1.9726289510726929,-0.011322393082082272,0.0,0.0,0.0,0.0,401,138.05563888898044,186.49473094299526,-111.32222191279939,238.39276274134625
115,0,0,1145400,0,0,4751,3.5304508209228516,1.5620518922805786,-0.011941111646592617,0.0,0.0,0.0,0.0,401,134.07939179995995,186.8942810550516,-111.32222191279939,240.34256549914767
116,0,0,1155360,0,0,4751,3.525794506072998,3.492656946182251,-0.01087451633065939,0.0,0.0,0.0,0.0,401,135.78211069054348,188.31780767534357,-111.32222191279939,240.34256549914767
117,0,0,1165320,0,0,4753,3.5232551097869873,4.778669834136963,-0.01094815507531166,0.0,0.0,0.0,0.0,401,135.72467823792172,193.14321290628408,-111.32222191279939,240.34256549914767
118,0,0,1175280,0,0,4755,3.516577959060669,0.9093129634857178,-0.013825003989040852,0.0,0.0,0.0,0.0,401,141.37346881042598,198.03266821333696,-111.32222191279939,248.12224769796953
119,0,0,1185240,0,0,4752,3.501941680908203,1.8535350561141968,-0.01010175235569477,0.0,0.0,0.0,0.0,401,152.59437420909575,203.90784793905064,-111.32222191279939,251.57372545033917
120,0,0,1195200,0,0,4750,3.493345260620117,1.2348761558532715,-0.010296379216015339,0.0,0.0,0.0,0.0,401,163.5014338241466,212.35552034617092,-111.32222191279939,251.57372545033917
121,0,0,1205160,0,0,4748,3.482370376586914,1.110491156578064,-0.010659302584826946,0.0,0.0,0.0,0.0,401,168.33755438481387,221.26147236205833,-113.28305268635663,253.09214068153483
122,0,0,1215120,0,0,4748,3.4730849266052246,3.8637523651123047,-0.00859234482049942,0.0,0.0,0.0,0.0,401,176.40822893063506,225.61311582903986,-113.28305268635663,255.3393391833497
123,0,0,1225080,0,0,4752,3.4718899726867676,3.516794204711914,-0.010276797227561474,0.0,0.0,0.0,0.0,401,177.03723276923623,225.89416702512068,-113.28305268635663,255.97527410774006
124,0,0,1235040,0,0,4753,3.4686102867126465,1.6915946006774902,-0.012144103646278381,0.0,0.0,0.0,0.0,401,179.7792139769347,226.5421781478766,-113.28305268635663,255.97527410774006
125,0,0,1245000,0,0,4757,3.46451997756958,5.617005825042725,-0.008464581333100796,0.0,0.0,0.0,0.0,401,182.69700598370449,229.29061198091313,-113.28305268635663,255.97527410774006
126,0,0,1254960,0,0,4755,3.462877035140991,3.8031399250030518,-0.008417810313403606,0.0,0.0,0.0,0.0,401,181.94253235808847,230.2620999354343,-113.28305268635663,260.271077671219
127,0,0,1264920,0,0,4754,3.4609856605529785,8.071901321411133,-0.007269666995853186,0.0,0.0,0.0,0.0,401,180.0521293558259,231.5213490708952,-113.28305268635663,260.271077671219
128,0,0,1274880,0,0,4755,3.460404872894287,5.139318466186523,-0.007410089951008558,0.0,0.0,0.0,0.0,401,186.13174474476145,232.5252956549689,-113.28305268635663,261.28390690392945
129,0,0,1284840,0,0,4754,3.458040714263916,5.805944919586182,-0.009302828460931778,0.0,0.0,0.0,0.0,401,186.97857712156207,233.12014788233944,-113.28305268635663,261.28390690392945
130,0,0,1294800,0,0,4753,3.453364372253418,3.3311140537261963,-0.011035924777388573,0.0,0.0,0.0,0.0,401,181.34977844016763,233.12014788233944,-113.28305268635663,261.28390690392945
131,0,0,1304760,0,0,4751,3.4470903873443604,1.5360583066940308,-0.010609062388539314,0.0,0.0,0.0,0.0,401,179.36146741536737,235.2109379788047,-113.28305268635663,261.28390690392945
132,0,0,1314720,0,0,4751,3.435183525085449,1.5321879386901855,-0.009634377434849739,0.0,0.0,0.0,0.0,401,179.61067999786877,236.31134837153166,-113.28305268635663,261.28390690392945
133,0,0,1324680,0,0,4751,3.425832986831665,1.5300147533416748,-0.011761263012886047,0.0,0.0,0.0,0.0,401,181.2408572804987,237.3471865316746,-113.28305268635663,267.553626030528
134,0,0,1334640,0,0,4752,3.4215495586395264,4.503564357757568,-0.008247604593634605,0.0,0.0,0.0,0.0,401,182.0065059206255,238.48229381617296,-113.28305268635663,267.553626030528
135,0,0,1344600,0,0,4753,3.4192423820495605,4.701730251312256,-0.010327334515750408,0.0,0.0,0.0,0.0,401,178.529909656586,241.50215018888872,-113.28305268635663,267.6538774618684
136,0,0,1354560,0,0,4753,3.416193723678589,4.904912948608398,-0.011644149199128151,0.0,0.0,0.0,0.0,401,174.91675597153062,247.9849023450166,-113.64533365021708,270.9940281005124
137,0,0,1364520,0,0,4756,3.415560007095337,5.034694194793701,-0.01041661761701107,0.0,0.0,0.0,0.0,401,180.2585837864189,253.03581010356734,-113.64533365021708,270.9940281005124
138,0,0,1374480,0,0,4754,3.413451910018921,3.8942625522613525,-0.01123728509992361,0.0,0.0,0.0,0.0,401,188.3771090989811,255.75731744751874,-113.64533365021708,270.9940281005124
139,0,0,1384440,0,0,4755,3.4073903560638428,1.7393007278442383,-0.012930993922054768,0.0,0.0,0.0,0.0,401,186.92451973701407,256.269215561024,-124.27889438062348,270.9940281005124
140,0,0,1394400,0,0,4755,3.397071361541748,1.649772047996521,-0.008768431842327118,0.0,0.0,0.0,0.0,401,191.01415005852965,256.86749883082285,-124.27889438062348,270.9940281005124
141,0,0,1404360,0,0,4753,3.3890469074249268,1.2019038200378418,-0.011224723421037197,0.0,0.0,0.0,0.0,401,196.84411642359245,257.58034634114597,-124.27889438062348,270.9940281005124
142,0,0,1414320,0,0,4751,3.37461256980896,1.212216854095459,-0.008269564248621464,0.0,0.0,0.0,0.0,401,201.16892736489282,258.8742018807253,-124.27889438062348,270.9940281005124
143,0,0,1424280,0,0,4752,3.3605105876922607,1.4943598508834839,-0.00844969879835844,0.0,0.0,0.0,0.0,401,202.73334152234946,259.22158959396563,-124.27889438062348,270.9940281005124
144,0,0,1434240,0,0,4751,3.3481452465057373,1.3586803674697876,-0.010754511691629887,0.0,0.0,0.0,0.0,401,207.97536426243337,259.84916964155553,-124.27889438062348,270.9940281005124
145,0,0,1444200,0,0,4752,3.336911678314209,1.6976981163024902,-0.008723797276616096,0.0,0.0,0.0,0.0,401,218.96942798427295,260.6047890113724,-124.27889438062348,270.9940281005124
146,0,0,1454160,0,0,4750,3.3319404125213623,2.263631820678711,-0.009607352316379547,0.0,0.0,0.0,0.0,401,219.99055008975847,260.95091402720914,-124.27889438062348,270.9940281005124
147,0,0,1464120,0,0,4749,3.3261301517486572,1.2437840700149536,-0.0071535855531692505,0.0,0.0,0.0,0.0,401,219.3100263386006,260.95091402720914,-124.27889438062348,270.9940281005124
148,0,0,1474080,0,0,4751,3.3205814361572266,10.378288269042969,-0.007104647345840931,0.0,0.0,0.0,0.0,401,214.78580674743984,260.952814100221,-124.27889438062348,270.9940281005124
149,0,0,1484040,0,0,4750,3.3197121620178223,1.4309228658676147,-0.012632369063794613,0.0,0.0,0.0,0.0,401,203.48040793180942,260.7447023653052,-124.27889438062348,270.9940281005124
150,0,0,1494000,0,0,4750,3.3149845600128174,1.5757333040237427,-0.009568977169692516,0.0,0.0,0.0,0.0,401,209.22332664047963,261.1588093616735,-124.27889438062348,271.0631567704179
151,0,0,1503960,0,0,4749,3.307947874069214,2.5222790241241455,-0.008417587727308273,0.0,0.0,0.0,0.0,401,216.74639153994795,262.2207360686115,-124.27889438062348,271.3284695668664
152,0,0,1513920,0,0,4748,3.304582357406616,2.204380750656128,-0.009128382429480553,0.0,0.0,0.0,0.0,401,214.86681436469524,262.6764757293354,-124.27889438062348,271.7472754334238
153,0,0,1523880,0,0,4748,3.3016321659088135,6.05828857421875,-0.004705953411757946,0.0,0.0,0.0,0.0,401,217.5032064078876,263.3442841141674,-124.27889438062348,271.7472754334238
154,0,0,1533840,0,0,4747,3.2991299629211426,3.046330451965332,-0.010190402157604694,0.0,0.0,0.0,0.0,401,221.6813522810751,264.2167082750515,-85.57814961630852,271.7472754334238
155,0,0,1543800,0,0,4744,3.296527624130249,4.346347808837891,-0.007685536984354258,0.0,0.0,0.0,0.0,401,224.839406282638,265.12438495738286,-85.57814961630852,273.53091263270335
156,0,0,1553760,0,0,4743,3.294668436050415,1.8526867628097534,-0.010950311087071896,0.0,0.0,0.0,0.0,401,219.30244420189635,265.2976275837937,-85.57814961630852,273.53091263270335
157,0,0,1563720,0,0,4744,3.2913737297058105,3.0928895473480225,-0.0094856396317482,0.0,0.0,0.0,0.0,401,219.52681880998722,265.6383764195971,-85.57814961630852,278.28391162741053
158,0,0,1573680,0,0,4743,3.2883193492889404,5.6393232345581055,-0.008446164429187775,0.0,0.0,0.0,0.0,401,219.58334668874477,266.0997278499797,-85.57814961630852,278.5584296979094
159,0,0,1583640,0,0,4743,3.287642240524292,8.317893028259277,-0.007075352128595114,0.0,0.0,0.0,0.0,401,218.6257627094362,266.440379036703,-85.57814961630852,278.5584296979094
160,0,0,1593600,0,0,4742,3.28617525100708,5.378385066986084,-0.008269394747912884,0.0,0.0,0.0,0.0,401,220.69162849854547,266.9942629587224,-85.57814961630852,278.5584296979094
161,0,0,1603560,0,0,4740,3.2849390506744385,10.417149543762207,-0.0062534743919968605,0.0,0.0,0.0,0.0,401,214.79245920134778,267.43958998911353,-85.57814961630852,278.5584296979094
162,0,0,1613520,0,0,4740,3.2836592197418213,4.4205098152160645,-0.0069878255017101765,0.0,0.0,0.0,0.0,401,222.42972920284004,268.0460852579806,-84.55715223791326,278.5584296979094
163,0,0,1623480,0,0,4739,3.2789955139160156,2.334475040435791,-0.008822915144264698,0.0,0.0,0.0,0.0,401,221.72871865176367,268.2228388821112,-84.55715223791326,278.5584296979094
164,0,0,1633440,0,0,4740,3.268533706665039,1.5523310899734497,-0.009706436656415462,0.0,0.0,0.0,0.0,401,220.446174485317,268.2762097457397,-84.55715223791326,278.5584296979094
165,0,0,1643400,0,0,4741,3.2584903240203857,4.584651470184326,-0.006232143845409155,0.0,0.0,0.0,0.0,401,222.8278937834916,269.3269279962757,-84.55715223791326,278.5584296979094
166,0,0,1653360,0,0,4740,3.2535951137542725,1.9472687244415283,-0.007959959097206593,0.0,0.0,0.0,0.0,401,220.53394557993064,269.64273215119863,-84.55715223791326,278.5584296979094
167,0,0,1663320,0,0,4740,3.2502729892730713,4.576173782348633,-0.008448249660432339,0.0,0.0,0.0,0.0,401,217.01765442252326,270.77958559683213,-84.55715223791326,278.5584296979094
168,0,0,1673280,0,0,4739,3.248626470565796,3.084810495376587,-0.009068148210644722,0.0,0.0,0.0,0.0,401,222.56387955302446,272.0350096204047,-84.55715223791326,280.5771175187653
169,0,0,1683240,0,0,4738,3.2458882331848145,4.284124374389648,-0.007766839116811752,0.0,0.0,0.0,0.0,401,222.82028170443562,272.2250320306375,-84.55715223791326,280.5771175187653
170,0,0,1693200,0,0,4739,3.2411513328552246,4.225035667419434,-0.008289609104394913,0.0,0.0,0.0,0.0,401,223.97612311621165,272.41563101449844,-101.65693814112122,280.5771175187653
171,0,0,1703160,0,0,4740,3.2397067546844482,6.255652904510498,-0.008352416567504406,0.0,0.0,0.0,0.0,401,222.3385925553619,272.9946324468424,-101.65693814112122,280.5771175187653
172,0,0,1713120,0,0,4740,3.2386860847473145,5.724629878997803,-0.008457661606371403,0.0,0.0,0.0,0.0,401,210.78066788098593,272.8751875196114,-101.65693814112122,280.5771175187653
173,0,0,1723080,0,0,4739,3.2380707263946533,3.4832592010498047,-0.008381994441151619,0.0,0.0,0.0,0.0,401,208.31331448051066,272.8751875196114,-101.65693814112122,280.5771175187653
174,0,0,1733040,0,0,4738,3.234421491622925,5.73895263671875,-0.00992949865758419,0.0,0.0,0.0,0.0,401,220.62477042179634,273.6663327778077,-101.65693814112122,280.5771175187653
175,0,0,1743000,0,0,4737,3.230764865875244,2.2721877098083496,-0.009871579706668854,0.0,0.0,0.0,0.0,401,221.69077031890004,273.7670275194911,-101.65693814112122,280.5771175187653
176,0,0,1752960,0,0,4736,3.226706027984619,2.0557916164398193,-0.011512761935591698,0.0,0.0,0.0,0.0,401,219.69132481762597,273.79387243233305,-101.65693814112122,280.5771175187653
177,0,0,1762920,0,0,4737,3.218900680541992,2.8232176303863525,-0.007330325897783041,0.0,0.0,0.0,0.0,401,220.4843303041962,273.8274289767534,-101.65693814112122,280.5771175187653
178,0,0,1772880,0,0,4736,3.216526985168457,6.586616516113281,-0.007728184573352337,0.0,0.0,0.0,0.0,401,218.5748093061091,273.79387243233305,-101.65693814112122,280.5771175187653
179,0,0,1782840,0,0,4736,3.215634822845459,8.848466873168945,-0.008968927897512913,0.0,0.0,0.0,0.0,401,218.02697334326183,273.79387243233305,-101.65693814112122,280.5771175187653
180,0,0,1792800,0,0,4737,3.2131168842315674,3.7456283569335938,-0.008572660386562347,0.0,0.0,0.0,0.0,401,217.50318370315958,273.6403215604841,-101.65693814112122,280.5771175187653
181,0,0,1802760,0,0,4736,3.210175037384033,5.905818939208984,-0.00853707268834114,0.0,0.0,0.0,0.0,401,214.04284339270438,273.55595558076976,-101.65693814112122,280.5771175187653
182,0,0,1812720,0,0,4735,3.210263252258301,6.429272651672363,-0.007606008555740118,0.0,0.0,0.0,0.0,401,210.01029205987336,273.23267528016413,-101.65693814112122,280.5771175187653
183,0,0,1822680,0,0,4735,3.2102162837982178,10.748507499694824,-0.008311157114803791,0.0,0.0,0.0,0.0,401,208.1174166748436,272.8751875196114,-101.65693814112122,280.32679426375154
184,0,0,1832640,0,0,4733,3.2087206840515137,8.662582397460938,-0.007990741170942783,0.0,0.0,0.0,0.0,401,214.0541624214143,273.4602681739329,-77.67821106056186,282.83308675309144
185,0,0,1842600,0,0,4733,3.2071309089660645,5.249207973480225,-0.009219793602824211,0.0,0.0,0.0,0.0,401,216.1129494001493,273.55595558076976,-77.67821106056186,282.83308675309144
186,0,0,1852560,0,0,4733,3.2049992084503174,4.939764976501465,-0.009723624214529991,0.0,0.0,0.0,0.0,401,220.24084294941187,273.71305625523644,-77.67821106056186,282.83308675309144
187,0,0,1862520,0,0,4733,3.200462818145752,1.815682291984558,-0.007939780130982399,0.0,0.0,0.0,0.0,401,219.83509099030144,273.82724245169936,-77.67821106056186,282.83308675309144
188,0,0,1872480,0,0,4731,3.1921136379241943,3.6018431186676025,-0.007986621931195259,0.0,0.0,0.0,0.0,401,224.1296997452924,273.82724245169936,-77.67821106056186,282.83308675309144
189,0,0,1882440,0,0,4730,3.1862633228302,5.0490570068359375,-0.006454412825405598,0.0,0.0,0.0,0.0,401,222.46411026037288,273.93944048086496,-117.76384951780923,282.83308675309144
190,0,0,1892400,0,0,4733,3.1839990615844727,3.045534372329712,-0.009718899615108967,0.0,0.0,0.0,0.0,401,224.35417748792335,273.99038833902006,-117.76384951780923,282.83308675309144
191,0,0,1902360,0,0,4734,3.1784579753875732,1.4901708364486694,-0.009569467976689339,0.0,0.0,0.0,0.0,401,224.4489226293901,274.1364055494465,-117.76384951780923,282.83308675309144
192,0,0,1912320,0,0,4734,3.1697473526000977,2.9039297103881836,-0.007694514933973551,0.0,0.0,0.0,0.0,401,226.42037385272107,274.5397208924488,-117.76384951780923,282.83308675309144
193,0,0,1922280,0,0,4733,3.1666042804718018,3.059875965118408,-0.00846348237246275,0.0,0.0,0.0,0.0,401,230.5951991029672,274.6850365696298,-117.76384951780923,282.83308675309144
194,0,0,1932240,0,0,4735,3.1640076637268066,2.273780107498169,-0.009175781160593033,0.0,0.0,0.0,0.0,401,229.59157819948317,274.6850365696298,-117.76384951780923,282.83308675309144
195,0,0,1942200,0,0,4734,3.1618778705596924,4.417415142059326,-0.00854866299778223,0.0,0.0,0.0,0.0,401,234.20568137167592,274.9645588418619,-117.76384951780923,282.83308675309144
196,0,0,1952160,0,0,4734,3.1611287593841553,3.1065561771392822,-0.0059804897755384445,0.0,0.0,0.0,0.0,401,234.9306578618844,275.1535885454277,-117.76384951780923,282.83308675309144
197,0,0,1962120,0,0,4734,3.160508632659912,4.5542073249816895,-0.005498656537383795,0.0,0.0,0.0,0.0,401,233.9278134840706,275.3193557861898,-117.76384951780923,282.83308675309144
198,0,0,1972080,0,0,4734,3.158572196960449,4.826475620269775,-0.007403571158647537,0.0,0.0,0.0,0.0,401,232.4359138481654,275.3193557861898,-117.76384951780923,282.13046412136214
199,0,0,1982040,0,0,4734,3.1570539474487305,11.757307052612305,-0.00678163580596447,0.0,0.0,0.0,0.0,401,234.86560524640427,275.3585185304148,-117.76384951780923,282.13046412136214
200,0,0,1992000,0,0,4735,3.156702995300293,5.076258659362793,-0.00756705179810524,0.0,0.0,0.0,0.0,401,232.80199314256532,275.19385494694666,-117.76384951780923,282.13046412136214
201,0,0,2001960,0,0,4734,3.1556336879730225,5.974240779876709,-0.006305286195129156,0.0,0.0,0.0,0.0,401,233.7477811745929,275.3585185304148,-117.76384951780923,282.13046412136214
202,0,0,2011920,0,0,4733,3.1554949283599854,6.885627746582031,-0.005346005782485008,0.0,0.0,0.0,0.0,401,235.24837965952477,275.4849464731071,-116.43661528210342,282.13046412136214
203,0,0,2021880,0,0,4732,3.1546638011932373,3.7693679332733154,-0.00798801053315401,0.0,0.0,0.0,0.0,401,232.73738102784014,275.4849464731071,-116.43661528210342,282.13046412136214
204,0,0,2031840,0,0,4733,3.1539392471313477,8.783968925476074,-0.005242284387350082,0.0,0.0,0.0,0.0,401,227.85297244381294,275.29086138103685,-116.43661528210342,282.13046412136214
205,0,0,2041800,0,0,4732,3.152883291244507,2.6786444187164307,-0.006335719488561153,0.0,0.0,0.0,0.0,401,220.46964396243024,275.21289616476327,-116.43661528210342,282.13046412136214
206,0,0,2051760,0,0,4731,3.152297019958496,8.690713882446289,-0.006427631247788668,0.0,0.0,0.0,0.0,401,225.0398145390566,275.39798170556713,-116.43661528210342,282.13046412136214
207,0,0,2061720,0,0,4731,3.151841640472412,5.564337253570557,-0.006304227747023106,0.0,0.0,0.0,0.0,401,219.5699582278133,275.8316105811869,-73.94463931214749,281.58036472758846
208,0,0,2071680,0,0,4730,3.1506288051605225,4.44264554977417,-0.0072163366712629795,0.0,0.0,0.0,0.0,401,219.6683314219251,275.9730673055361,-73.94463931214749,282.478090931106
209,0,0,2081640,0,0,4731,3.1494219303131104,8.98806381225586,-0.005720555316656828,0.0,0.0,0.0,0.0,401,218.66746187932716,276.0552050686496,-73.94463931214749,282.478090931106
210,0,0,2091600,0,0,4730,3.147876739501953,6.838477611541748,-0.005896955728530884,0.0,0.0,0.0,0.0,401,216.17300500461266,276.0793854472804,-73.94463931214749,282.478090931106
211,0,0,2101560,0,0,4729,3.1465916633605957,4.649300575256348,-0.007790829986333847,0.0,0.0,0.0,0.0,401,216.13928339947398,276.2802305517464,-73.94463931214749,282.478090931106
212,0,0,2111520,0,0,4729,3.1458890438079834,2.5791473388671875,-0.00950806587934494,0.0,0.0,0.0,0.0,401,221.7494588519986,276.46204823442804,-72.69296386032242,282.478090931106
213,0,0,2121480,0,0,4729,3.145108222961426,4.8072590827941895,-0.007083236705511808,0.0,0.0,0.0,0.0,401,224.4194757652543,276.69368353581825,-72.69296386032242,282.478090931106
214,0,0,2131440,0,0,4730,3.139453172683716,1.3668599128723145,-0.006166511215269566,0.0,0.0,0.0,0.0,401,216.61020896576434,276.5531596835153,-72.69296386032242,282.478090931106
215,0,0,2141400,0,0,4731,3.1285881996154785,2.113652467727661,-0.006767732091248035,0.0,0.0,0.0,0.0,401,220.36116998659602,276.78482511368077,-72.69296386032242,282.478090931106
216,0,0,2151360,0,0,4730,3.1256279945373535,3.5528886318206787,-0.008828585967421532,0.0,0.0,0.0,0.0,401,226.09897219630147,276.90295409739053,-68.64435378864466,282.478090931106
217,0,0,2161320,0,0,4729,3.1238503456115723,2.8438549041748047,-0.008746632374823093,0.0,0.0,0.0,0.0,401,228.80353803323862,276.89369197121744,-68.64435378864466,282.478090931106
218,0,0,2171280,0,0,4730,3.1215169429779053,2.636894464492798,-0.00721052847802639,0.0,0.0,0.0,0.0,401,230.20769570119288,276.9960854936586,-68.64435378864466,282.478090931106
219,0,0,2181240,0,0,4730,3.12034010887146,7.179680347442627,-0.005903803277760744,0.0,0.0,0.0,0.0,401,230.9085755113203,277.29497925568364,-68.64435378864466,282.478090931106
220,0,0,2191200,0,0,4731,3.116170883178711,1.6301283836364746,-0.01019348669797182,0.0,0.0,0.0,0.0,401,236.0341876414865,277.30351485224173,-68.64435378864466,282.478090931106
221,0,0,2201160,0,0,4732,3.1106760501861572,4.190914154052734,-0.008558386005461216,0.0,0.0,0.0,0.0,401,245.90554375028543,277.44116545675695,-68.64435378864466,282.47287614129687
222,0,0,2211120,0,0,4733,3.110323429107666,8.37891960144043,-0.005309109576046467,0.0,0.0,0.0,0.0,401,241.74597807830145,277.371469493707,-68.64435378864466,282.47287614129687
223,0,0,2221080,0,0,4733,3.1097395420074463,3.795278310775757,-0.0057108113542199135,0.0,0.0,0.0,0.0,401,241.68667535013842,277.4569282982932,-68.64435378864466,282.5491467604497
224,0,0,2231040,0,0,4734,3.1074371337890625,4.803200721740723,-0.006076396908611059,0.0,0.0,0.0,0.0,401,243.17844378322346,277.45287437035284,-68.64435378864466,282.5491467604497
225,0,0,2241000,0,0,4732,3.106078863143921,4.302797794342041,-0.005704653449356556,0.0,0.0,0.0,0.0,401,240.7508410273402,277.3527422659028,-68.64435378864466,284.28539214789527
226,0,0,2250960,0,0,4732,3.105128765106201,4.083682537078857,-0.007151703350245953,0.0,0.0,0.0,0.0,401,237.52423815139954,277.1926789812585,-90.24323895339359,284.28539214789527
227,0,0,2260920,0,0,4731,3.1023988723754883,3.080221652984619,-0.007302660495042801,0.0,0.0,0.0,0.0,401,243.65923260663075,277.25313088923485,-90.24323895339359,284.28539214789527
228,0,0,2270880,0,0,4731,3.101414442062378,4.023407459259033,-0.005598635412752628,0.0,0.0,0.0,0.0,401,238.00456642968302,277.25313088923485,-90.24323895339359,284.28539214789527
229,0,0,2280840,0,0,4732,3.0974631309509277,2.3088431358337402,-0.010258914902806282,0.0,0.0,0.0,0.0,401,238.11029689728366,277.3527422659028,-90.24323895339359,284.73481296059515
230,0,0,2290800,0,0,4731,3.090714931488037,1.382130742073059,-0.010056670755147934,0.0,0.0,0.0,0.0,401,239.72052016681326,277.3527422659028,-90.24323895339359,284.73481296059515
231,0,0,2300760,0,0,4731,3.084547281265259,3.815541982650757,-0.007329755462706089,0.0,0.0,0.0,0.0,401,239.98826437624933,277.4183843010124,-90.24323895339359,284.73481296059515
232,0,0,2310720,0,0,4732,3.0842502117156982,3.23818302154541,-0.008374648168683052,0.0,0.0,0.0,0.0,401,241.83710140387217,277.27614362688905,-90.24323895339359,284.73481296059515
233,0,0,2320680,0,0,4731,3.0833523273468018,4.8196797370910645,-0.006411143112927675,0.0,0.0,0.0,0.0,401,240.49795358517108,277.34454656107096,-90.24323895339359,284.73481296059515
234,0,0,2330640,0,0,4730,3.0825788974761963,4.077027320861816,-0.007619953248649836,0.0,0.0,0.0,0.0,401,237.70722063390633,277.15964080093613,-90.24323895339359,284.73481296059515
235,0,0,2340600,0,0,4729,3.0813345909118652,5.511420726776123,-0.0068358066491782665,0.0,0.0,0.0,0.0,401,235.67229532784697,276.8659971491622,-90.24323895339359,284.73481296059515
236,0,0,2350560,0,0,4728,3.077674150466919,1.7687474489212036,-0.008888544514775276,0.0,0.0,0.0,0.0,401,241.52676189709922,276.71266119132866,-90.24323895339359,284.73481296059515
237,0,0,2360520,0,0,4728,3.074084520339966,4.412774562835693,-0.006224639248102903,0.0,0.0,0.0,0.0,401,241.4957987959231,276.71266119132866,-90.24323895339359,284.73481296059515
238,0,0,2370480,0,0,4729,3.0731019973754883,1.6719303131103516,-0.007317455019801855,0.0,0.0,0.0,0.0,401,239.1938548174603,276.8659971491622,-90.24323895339359,284.73481296059515
239,0,0,2380440,0,0,4730,3.07053542137146,2.3422205448150635,-0.007369848433881998,0.0,0.0,0.0,0.0,401,241.61295950810216,276.9870105885343,-90.24323895339359,284.73481296059515
240,0,0,2390400,0,0,4729,3.067891836166382,1.4746184349060059,-0.009679342620074749,0.0,0.0,0.0,0.0,401,244.78458802494944,277.08589258727494,-52.87303897816875,284.73481296059515
241,0,0,2400360,0,0,4728,3.064171075820923,1.5284125804901123,-0.008949250914156437,0.0,0.0,0.0,0.0,401,248.09853030593737,277.2516847187874,-52.87303897816875,284.73481296059515
242,0,0,2410320,0,0,4726,3.0590691566467285,1.6378947496414185,-0.009795591235160828,0.0,0.0,0.0,0.0,401,252.5779634513917,277.6555498008915,-52.87303897816875,284.73481296059515
243,0,0,2420280,0,0,4725,3.0559451580047607,4.45840311050415,-0.005491222254931927,0.0,0.0,0.0,0.0,401,254.83691422639592,277.35983205115235,-52.87303897816875,283.4088654666301
244,0,0,2430240,0,0,4726,3.054464101791382,1.440287470817566,-0.009195554070174694,0.0,0.0,0.0,0.0,401,250.04916074816006,277.2498367215391,-79.9019732018747,283.4088654666301
245,0,0,2440200,0,0,4726,3.0515360832214355,2.6756255626678467,-0.004697222728282213,0.0,0.0,0.0,0.0,401,251.24796257404614,277.32452037134624,-79.9019732018747,283.4088654666301
246,0,0,2450160,0,0,4728,3.048532247543335,2.666487693786621,-0.008672751486301422,0.0,0.0,0.0,0.0,401,254.59128297353303,277.4186772162623,-79.9019732018747,283.4088654666301
247,0,0,2460120,0,0,4727,3.0443058013916016,2.657736301422119,-0.007730495650321245,0.0,0.0,0.0,0.0,401,258.6939729896272,277.67656756725256,-79.9019732018747,283.4088654666301
248,0,0,2470080,0,0,4728,3.0423712730407715,4.054345607757568,-0.005463038105517626,0.0,0.0,0.0,0.0,401,257.8066959531999,277.81850800043094,-79.9019732018747,283.9798762216979
249,0,0,2480040,0,0,4729,3.042318105697632,8.202927589416504,-0.0043336390517652035,0.0,0.0,0.0,0.0,401,259.7221816694836,277.95999664482434,-79.9019732018747,283.9798762216979
250,0,0,2490000,0,0,4728,3.04148530960083,7.713281631469727,-0.004921406041830778,0.0,0.0,0.0,0.0,401,255.6339921261475,277.9964298316948,-79.9019732018747,285.4345537984387
251,0,0,2499960,0,0,4728,3.0403835773468018,2.8504109382629395,-0.005089192185550928,0.0,0.0,0.0,0.0,401,251.4584014268426,277.92307218297003,-79.9019732018747,285.4345537984387
252,0,0,2509920,0,0,4728,3.0400032997131348,5.436079978942871,-0.004120310768485069,0.0,0.0,0.0,0.0,401,249.84668538209476,277.92307218297003,-79.9019732018747,285.4345537984387
253,0,0,2519880,0,0,4728,3.0396475791931152,4.908238887786865,-0.00525697274133563,0.0,0.0,0.0,0.0,401,246.63936016271964,277.95999664482434,-79.9019732018747,285.4345537984387
254,0,0,2529840,0,0,4728,3.039679765701294,7.852758884429932,-0.003948639612644911,0.0,0.0,0.0,0.0,401,246.71442445319565,278.22722069262227,-79.9019732018747,285.4345537984387
255,0,0,2539800,0,0,4727,3.038451910018921,2.9401612281799316,-0.0068306634202599525,0.0,0.0,0.0,0.0,401,244.115576644621,278.38116504370817,-79.9019732018747,285.4345537984387
256,0,0,2549760,0,0,4727,3.0369043350219727,6.686600685119629,-0.004480893723666668,0.0,0.0,0.0,0.0,401,244.41516212167653,278.6456133693198,-79.9019732018747,285.4345537984387
257,0,0,2559720,0,0,4727,3.0363540649414062,10.413512229919434,-0.004745700862258673,0.0,0.0,0.0,0.0,401,241.65648586016795,279.5146700167988,-77.233168793194,286.89634992120705
258,0,0,2569680,0,0,4727,3.0360090732574463,5.808134078979492,-0.004416045267134905,0.0,0.0,0.0,0.0,401,240.5579799279439,279.54867278995266,-77.233168793194,286.89634992120705
259,0,0,2579640,0,0,4728,3.035708427429199,5.812969207763672,-0.00460071861743927,0.0,0.0,0.0,0.0,401,237.90525178228418,279.63516447540803,-77.233168793194,286.89634992120705
260,0,0,2589600,0,0,4729,3.035067558288574,4.795326232910156,-0.006506426725536585,0.0,0.0,0.0,0.0,401,235.29871630496427,279.9205140643849,-77.233168793194,286.89634992120705
261,0,0,2599560,0,0,4728,3.0345211029052734,3.1589322090148926,-0.007677599787712097,0.0,0.0,0.0,0.0,401,238.13018582819785,279.9674017119937,-77.233168793194,286.89634992120705
262,0,0,2609520,0,0,4727,3.033790111541748,6.321074962615967,-0.0051770745776593685,0.0,0.0,0.0,0.0,401,238.39422668538282,280.38450190545893,-77.233168793194,286.89634992120705
263,0,0,2619480,0,0,4727,3.0333540439605713,5.552803039550781,-0.006069537252187729,0.0,0.0,0.0,0.0,401,237.29841450917326,280.8486435220767,-75.94182544821314,286.89634992120705
264,0,0,2629440,0,0,4728,3.032773017883301,13.973398208618164,-0.005294575821608305,0.0,0.0,0.0,0.0,401,240.827410424006,280.9831721457098,-75.94182544821314,286.89634992120705
265,0,0,2639400,0,0,4728,3.031399726867676,1.894582986831665,-0.007589127868413925,0.0,0.0,0.0,0.0,401,236.2829560113194,280.9219743979463,-75.94182544821314,286.89634992120705
266,0,0,2649360,0,0,4728,3.028823137283325,4.485334396362305,-0.007431725971400738,0.0,0.0,0.0,0.0,401,236.36584873374179,281.0347273690975,-75.94182544821314,286.89634992120705
267,0,0,2659320,0,0,4728,3.0280208587646484,4.222690105438232,-0.006785240024328232,0.0,0.0,0.0,0.0,401,231.41758038195454,281.02568515557437,-75.94182544821314,286.89634992120705
268,0,0,2669280,0,0,4728,3.0275259017944336,4.1544623374938965,-0.006129527930170298,0.0,0.0,0.0,0.0,401,227.46218127062062,280.9219743979463,-75.94182544821314,286.89634992120705
269,0,0,2679240,0,0,4728,3.0266077518463135,4.7061448097229,-0.005519880913197994,0.0,0.0,0.0,0.0,401,227.13664889251945,280.85131294918597,-75.94182544821314,286.3009408379681
270,0,0,2689200,0,0,4727,3.0256361961364746,3.2373363971710205,-0.008977548219263554,0.0,0.0,0.0,0.0,401,228.86737853603518,280.85131294918597,-64.70760903075339,286.3009408379681
271,0,0,2699160,0,0,4727,3.0255565643310547,7.5280375480651855,-0.005976053420454264,0.0,0.0,0.0,0.0,401,234.1489129824843,281.14434332506573,-58.55110849299282,286.3009408379681
272,0,0,2709120,0,0,4728,3.0248665809631348,2.2035791873931885,-0.009657170623540878,0.0,0.0,0.0,0.0,401,231.29399147246139,281.13120982995304,-63.77279474879118,286.3009408379681
273,0,0,2719080,0,0,4727,3.0236382484436035,6.403223514556885,-0.006286114454269409,0.0,0.0,0.0,0.0,401,230.2542287227954,280.6475806037348,-63.77279474879118,289.0827257234927
274,0,0,2729040,0,0,4727,3.02337384223938,2.750842571258545,-0.009806197136640549,0.0,0.0,0.0,0.0,401,228.99293519125868,280.46286646596934,-63.77279474879118,289.0827257234927
275,0,0,2739000,0,0,4727,3.021852970123291,4.710310459136963,-0.004983688239008188,0.0,0.0,0.0,0.0,401,232.15601875214622,280.85131294918597,-75.92332940215991,289.0827257234927
276,0,0,2748960,0,0,4727,3.0201632976531982,9.619926452636719,-0.004643108230084181,0.0,0.0,0.0,0.0,401,226.6928927327185,281.603753317612,-75.92332940215991,289.0827257234927
277,0,0,2758920,0,0,4729,3.0189614295959473,4.873298645019531,-0.006165922619402409,0.0,0.0,0.0,0.0,401,230.97482237037656,281.9033931056672,-75.92332940215991,289.0827257234927
278,0,0,2768880,0,0,4730,3.017387628555298,4.39279842376709,-0.0062131816521286964,0.0,0.0,0.0,0.0,401,231.21079877175325,281.9033931056672,-75.92332940215991,289.0827257234927
279,0,0,2778840,0,0,4730,3.016059160232544,6.220217227935791,-0.00462778564542532,0.0,0.0,0.0,0.0,401,236.21444535949564,281.952076065096,-75.92332940215991,289.0827257234927
280,0,0,2788800,0,0,4730,3.0151615142822266,6.030298233032227,-0.00605064257979393,0.0,0.0,0.0,0.0,401,238.4846572486498,282.4169828398795,-75.92332940215991,289.0827257234927
281,0,0,2798760,0,0,4729,3.0137922763824463,4.729656219482422,-0.0062399269081652164,0.0,0.0,0.0,0.0,401,238.02584319367074,282.61019172286103,-75.92332940215991,289.0827257234927
282,0,0,2808720,0,0,4728,3.0061323642730713,0.49513623118400574,-0.01246936060488224,0.0,0.0,0.0,0.0,401,237.81650922250995,282.61019172286103,-75.92332940215991,289.0827257234927
283,0,0,2818680,0,0,4729,2.9942116737365723,3.3624966144561768,-0.004046349320560694,0.0,0.0,0.0,0.0,401,237.95625460131356,282.679527076907,-75.92332940215991,289.0827257234927
284,0,0,2828640,0,0,4729,2.9921932220458984,4.704638957977295,-0.007313468027859926,0.0,0.0,0.0,0.0,401,236.2600086035587,282.63546879588284,-75.92332940215991,289.0827257234927
285,0,0,2838600,0,0,4729,2.991220235824585,7.236754417419434,-0.005918134935200214,0.0,0.0,0.0,0.0,401,241.15611544943593,282.6713137958076,-75.92332940215991,288.11192259910734
286,0,0,2848560,0,0,4728,2.9903290271759033,4.214076995849609,-0.0077400216832757,0.0,0.0,0.0,0.0,401,243.38025043573512,282.7814295481009,-75.92332940215991,288.11192259910734
287,0,0,2858520,0,0,4728,2.9895613193511963,3.6742100715637207,-0.006620112340897322,0.0,0.0,0.0,0.0,401,238.21719907382473,282.6713137958076,-103.11793734312057,288.11192259910734
288,0,0,2868480,0,0,4729,2.9890801906585693,5.0798139572143555,-0.006936858408153057,0.0,0.0,0.0,0.0,401,245.06419413574773,282.74353081850865,-103.11793734312057,288.11192259910734
289,0,0,2878440,0,0,4729,2.986697196960449,1.349238395690918,-0.010604925453662872,0.0,0.0,0.0,0.0,401,248.66946196830105,282.7165561372381,-103.11793734312057,288.11192259910734
290,0,0,2888400,0,0,4729,2.980469226837158,2.265587329864502,-0.010246994905173779,0.0,0.0,0.0,0.0,401,248.09700726564444,283.15704844265747,-126.92248093742568,288.8730087246708
291,0,0,2898360,0,0,4729,2.9772088527679443,4.958380222320557,-0.00518825463950634,0.0,0.0,0.0,0.0,401,252.2920334184533,283.314985590152,-126.92248093742568,288.8730087246708
292,0,0,2908320,0,0,4728,2.976513147354126,4.403641700744629,-0.004654981661587954,0.0,0.0,0.0,0.0,401,254.3655739036405,283.4320063659944,-126.92248093742568,288.8730087246708
293,0,0,2918280,0,0,4729,2.9756550788879395,9.275542259216309,-0.00428054528310895,0.0,0.0,0.0,0.0,401,253.6653396669613,283.4320063659944,-126.92248093742568,288.8730087246708
294,0,0,2928240,0,0,4728,2.9755280017852783,7.424823760986328,-0.005773718003183603,0.0,0.0,0.0,0.0,401,244.0688118812159,283.18506116357185,-126.92248093742568,288.8730087246708
295,0,0,2938200,0,0,4730,2.975181818008423,6.732959747314453,-0.006209650542587042,0.0,0.0,0.0,0.0,401,245.40943074170227,283.0674969857895,-126.92248093742568,288.8730087246708
296,0,0,2948160,0,0,4729,2.9742889404296875,4.911022663116455,-0.005947583355009556,0.0,0.0,0.0,0.0,401,242.10613091657743,283.0674969857895,-126.92248093742568,288.8730087246708
297,0,0,2958120,0,0,4728,2.9734857082366943,8.769608497619629,-0.003880543867126107,0.0,0.0,0.0,0.0,401,239.43884129699273,283.3231301833038,-126.92248093742568,288.8730087246708
298,0,0,2968080,0,0,4729,2.972884178161621,2.8497908115386963,-0.008059120737016201,0.0,0.0,0.0,0.0,401,237.82019347668103,283.18506116357185,-126.92248093742568,288.8730087246708
299,0,0,2978040,0,0,4729,2.9705910682678223,3.033236503601074,-0.008889656513929367,0.0,0.0,0.0,0.0,401,243.21579765626197,283.49691846141104,-126.92248093742568,288.8730087246708
300,0,0,2988000,0,0,4730,2.9675450325012207,1.915626883506775,-0.010518795810639858,0.0,0.0,0.0,0.0,401,245.66742866045024,283.49691846141104,-126.92248093742568,288.8730087246708
301,0,0,2997960,0,0,4730,2.9647257328033447,2.1252574920654297,-0.00886056013405323,0.0,0.0,0.0,0.0,401,245.76281633849428,283.53416514704213,-126.92248093742568,288.8730087246708
302,0,0,3007920,0,0,4730,2.9642345905303955,5.133302211761475,-0.0044273450039327145,0.0,0.0,0.0,0.0,401,242.95414812138696,283.56004407168814,-83.62014834226855,288.8730087246708
303,0,0,3017880,0,0,4729,2.9633607864379883,4.7867608070373535,-0.0061488524079322815,0.0,0.0,0.0,0.0,401,237.72244191266938,283.59868474341556,-83.62014834226855,288.7203220200817
304,0,0,3027840,0,0,4729,2.9623217582702637,3.2967286109924316,-0.006585382390767336,0.0,0.0,0.0,0.0,401,236.15461516656177,283.56004407168814,-83.62014834226855,288.7203220200817
305,0,0,3037800,0,0,4729,2.961498737335205,2.0021774768829346,-0.009876635856926441,0.0,0.0,0.0,0.0,401,235.38455257807007,283.5486088293709,-83.62014834226855,288.7203220200817
306,0,0,3047760,0,0,4729,2.9610345363616943,2.9754638671875,-0.009158086962997913,0.0,0.0,0.0,0.0,401,240.7920099692249,283.32036915875085,-110.80144950328148,288.7203220200817
307,0,0,3057720,0,0,4729,2.9581656455993652,2.8135368824005127,-0.00929675716906786,0.0,0.0,0.0,0.0,401,249.9882631955989,283.4970012350919,-110.80144950328148,288.7203220200817
308,0,0,3067680,0,0,4730,2.952669620513916,1.8839023113250732,-0.009656598791480064,0.0,0.0,0.0,0.0,401,253.69935339895957,283.4970012350919,-110.80144950328148,288.7203220200817
309,0,0,3077640,0,0,4731,2.9495742321014404,3.364760398864746,-0.004651119001209736,0.0,0.0,0.0,0.0,401,257.60699653024903,283.32036915875085,-110.80144950328148,288.7738615706622
310,0,0,3087600,0,0,4730,2.9490387439727783,2.4147419929504395,-0.007591915316879749,0.0,0.0,0.0,0.0,401,255.85897374419093,283.08338784813316,-110.80144950328148,288.7738615706622
311,0,0,3097560,0,0,4730,2.9479410648345947,5.839967250823975,-0.005566099192947149,0.0,0.0,0.0,0.0,401,255.72130759047002,283.26031551046833,-118.17987042668648,288.7738615706622
312,0,0,3107520,0,0,4729,2.9472098350524902,6.780707836151123,-0.006144264712929726,0.0,0.0,0.0,0.0,401,251.19257976876645,283.07074059239727,-118.17987042668648,288.7738615706622
313,0,0,3117480,0,0,4729,2.9462578296661377,4.179540634155273,-0.004909617360681295,0.0,0.0,0.0,0.0,401,248.58502214689895,283.1576933934027,-118.17987042668648,288.7738615706622
314,0,0,3127440,0,0,4729,2.9451518058776855,4.469944477081299,-0.0059660025872290134,0.0,0.0,0.0,0.0,401,246.7147092160822,282.9647815022437,-118.17987042668648,288.7738615706622
315,0,0,3137400,0,0,4728,2.944568634033203,5.833420276641846,-0.005917347967624664,0.0,0.0,0.0,0.0,401,254.2867122768263,282.9754326622413,-118.17987042668648,288.8374067283812
316,0,0,3147360,0,0,4728,2.944075345993042,7.24547815322876,-0.004926839377731085,0.0,0.0,0.0,0.0,401,256.07413794783156,282.9754326622413,-118.17987042668648,288.8374067283812
317,0,0,3157320,0,0,4727,2.9433720111846924,5.069855690002441,-0.005193493794649839,0.0,0.0,0.0,0.0,401,258.55650901934865,283.2691623827983,-118.17987042668648,288.8374067283812
318,0,0,3167280,0,0,4727,2.942356824874878,2.897538423538208,-0.006761073600500822,0.0,0.0,0.0,0.0,401,259.48624939330875,283.32720421965246,-118.17987042668648,288.8374067283812
319,0,0,3177240,0,0,4728,2.9412405490875244,3.878777503967285,-0.007356045767664909,0.0,0.0,0.0,0.0,401,257.03065285875704,283.3842552033918,-118.17987042668648,288.8374067283812
320,0,0,3187200,0,0,4727,2.9389841556549072,2.6621809005737305,-0.010796215385198593,0.0,0.0,0.0,0.0,401,257.2193825927356,283.5910934299666,-118.17987042668648,288.8374067283812
321,0,0,3197160,0,0,4727,2.9338390827178955,1.9691505432128906,-0.007760397624224424,0.0,0.0,0.0,0.0,401,257.26854509972014,283.653485109011,-118.17987042668648,288.9484795407992
322,0,0,3207120,0,0,4727,2.9266934394836426,1.3362367153167725,-0.0077027324587106705,0.0,0.0,0.0,0.0,401,259.37626962064775,283.97198858777625,-118.17987042668648,288.9484795407992
323,0,0,3217080,0,0,4726,2.9223952293395996,2.4167492389678955,-0.005174994934350252,0.0,0.0,0.0,0.0,401,260.69384473661853,284.0631967584608,-118.17987042668648,289.77122299114166
324,0,0,3227040,0,0,4725,2.921238899230957,3.865084648132324,-0.008068260736763477,0.0,0.0,0.0,0.0,401,262.5393352420648,284.24631371855594,-39.62712077344895,289.77122299114166
325,0,0,3237000,0,0,4725,2.920382022857666,6.285656929016113,-0.005113774444907904,0.0,0.0,0.0,0.0,401,259.69267944289254,284.09596599235067,-39.62712077344895,289.77122299114166
326,0,0,3246960,0,0,4725,2.9201505184173584,4.69033670425415,-0.006676496472209692,0.0,0.0,0.0,0.0,401,257.5938858185247,284.4543878470165,-67.68306499488588,289.77122299114166
327,0,0,3256920,0,0,4724,2.918562889099121,2.2216556072235107,-0.008264877833425999,0.0,0.0,0.0,0.0,401,259.37370209648856,284.4543878470165,-67.68306499488588,289.77122299114166
328,0,0,3266880,0,0,4725,2.9166603088378906,8.881352424621582,-0.004949087277054787,0.0,0.0,0.0,0.0,401,259.4584929957008,284.4543878470165,-67.68306499488588,289.77122299114166
329,0,0,3276840,0,0,4725,2.9155566692352295,2.827643632888794,-0.008860928937792778,0.0,0.0,0.0,0.0,401,256.66777608438053,284.490991169596,-67.68306499488588,289.77122299114166
330,0,0,3286800,0,0,4726,2.91314435005188,5.680065155029297,-0.005106604658067226,0.0,0.0,0.0,0.0,401,256.68613683579804,284.44049299566586,-67.68306499488588,289.77122299114166
331,0,0,3296760,0,0,4725,2.9124703407287598,3.5180556774139404,-0.006060081068426371,0.0,0.0,0.0,0.0,401,252.45772358739316,284.44049299566586,-67.68306499488588,289.77122299114166
332,0,0,3306720,0,0,4725,2.911996603012085,2.6081929206848145,-0.007307709194719791,0.0,0.0,0.0,0.0,401,252.4363131605438,284.490991169596,-67.68306499488588,289.77122299114166
333,0,0,3316680,0,0,4725,2.9107882976531982,4.930240154266357,-0.007449231576174498,0.0,0.0,0.0,0.0,401,251.3624024745811,284.5104966875118,-67.68306499488588,289.77122299114166
334,0,0,3326640,0,0,4725,2.9095232486724854,2.8280341625213623,-0.008149299770593643,0.0,0.0,0.0,0.0,401,249.05551845243286,284.4844636905094,-67.68306499488588,289.77122299114166
335,0,0,3336600,0,0,4724,2.9078409671783447,3.1466007232666016,-0.005901579279452562,0.0,0.0,0.0,0.0,401,247.42649425902815,284.4221060814763,-67.68306499488588,289.56436933732266
336,0,0,3346560,0,0,4723,2.904700756072998,1.6248778104782104,-0.0076967282220721245,0.0,0.0,0.0,0.0,401,246.32470009282727,284.4221060814763,-67.68306499488588,289.56436933732266
337,0,0,3356520,0,0,4723,2.900362253189087,4.56296443939209,-0.004903892986476421,0.0,0.0,0.0,0.0,401,249.96514192708025,284.53436023385393,-67.68306499488588,289.56436933732266
338,0,0,3366480,0,0,4722,2.899623394012451,3.644613027572632,-0.007721055299043655,0.0,0.0,0.0,0.0,401,254.8034285705861,285.00204807546265,-67.68306499488588,290.01373424027975
339,0,0,3376440,0,0,4723,2.89823579788208,3.3668041229248047,-0.008627142757177353,0.0,0.0,0.0,0.0,401,259.7243902667495,285.21446983060093,-45.42640938405939,290.01373424027975
340,0,0,3386400,0,0,4723,2.896881580352783,3.7796123027801514,-0.006067496724426746,0.0,0.0,0.0,0.0,401,258.83003463998995,285.21446983060093,-8.186338469236517,290.01373424027975
341,0,0,3396360,0,0,4723,2.8963358402252197,6.7091522216796875,-0.004912182688713074,0.0,0.0,0.0,0.0,401,256.19241221565477,285.3259029770987,-31.618250730079325,290.01373424027975
342,0,0,3406320,0,0,4724,2.8949897289276123,3.8477606773376465,-0.008103086613118649,0.0,0.0,0.0,0.0,401,259.0404848909623,285.3517335386256,-31.618250730079325,290.01373424027975
343,0,0,3416280,0,0,4723,2.893401861190796,2.0348637104034424,-0.01051752083003521,0.0,0.0,0.0,0.0,401,261.43065739422485,285.3517335386256,-31.618250730079325,290.01373424027975
344,0,0,3426240,0,0,4722,2.892529249191284,2.013122081756592,-0.009578856639564037,0.0,0.0,0.0,0.0,401,265.90320986223554,285.399814437822,-31.618250730079325,290.01373424027975
345,0,0,3436200,0,0,4723,2.891197681427002,3.3674685955047607,-0.004720013123005629,0.0,0.0,0.0,0.0,401,264.5503885875025,285.4341327539403,-31.618250730079325,291.2494628360732
346,0,0,3446160,0,0,4723,2.88889741897583,3.193809747695923,-0.00809312891215086,0.0,0.0,0.0,0.0,401,268.084976494645,285.4806795148055,-31.618250730079325,291.2494628360732
347,0,0,3456120,0,0,4722,2.8861799240112305,3.802152633666992,-0.007155433297157288,0.0,0.0,0.0,0.0,401,267.38732619111175,285.51991245562056,-31.618250730079325,291.2494628360732
348,0,0,3466080,0,0,4723,2.885725259780884,2.7992055416107178,-0.0066472990438342094,0.0,0.0,0.0,0.0,401,260.706673132048,285.3473136261505,-32.297378762435756,291.2494628360732
349,0,0,3476040,0,0,4722,2.885798454284668,2.4367661476135254,-0.008395573124289513,0.0,0.0,0.0,0.0,401,262.39074945989375,285.3473136261505,-32.297378762435756,291.2494628360732
350,0,0,3486000,0,0,4721,2.8844897747039795,3.7102091312408447,-0.004540237132459879,0.0,0.0,0.0,0.0,401,260.97714256060243,285.47113648511055,-60.743437290328906,291.2494628360732
351,0,0,3495960,0,0,4721,2.8826193809509277,3.3024749755859375,-0.008986401371657848,0.0,0.0,0.0,0.0,401,259.29577975921353,285.44517344443716,-60.743437290328906,291.2494628360732
352,0,0,3505920,0,0,4721,2.8806145191192627,3.8304827213287354,-0.007474891375750303,0.0,0.0,0.0,0.0,401,259.2080980733924,285.4108551283189,-60.743437290328906,291.2494628360732
353,0,0,3515880,0,0,4721,2.879917860031128,7.24727201461792,-0.006371980533003807,0.0,0.0,0.0,0.0,401,259.106092674992,285.2386976803499,-69.13331719793936,291.2494628360732
354,0,0,3525840,0,0,4720,2.879366874694824,5.253614902496338,-0.005641932599246502,0.0,0.0,0.0,0.0,401,256.82435455874617,285.2386976803499,-69.13331719793936,291.2494628360732
355,0,0,3535800,0,0,4721,2.8774797916412354,3.3489608764648438,-0.008366883732378483,0.0,0.0,0.0,0.0,401,255.72176100051698,285.22705099841323,-69.13331719793936,291.2494628360732
356,0,0,3545760,0,0,4721,2.874368667602539,2.0838730335235596,-0.00804013293236494,0.0,0.0,0.0,0.0,401,255.72711845454575,284.9740013449469,-69.13331719793936,291.2494628360732
357,0,0,3555720,0,0,4720,2.8688745498657227,1.1284198760986328,-0.008533830754458904,0.0,0.0,0.0,0.0,401,255.75355137673128,285.1221532340347,-69.13331719793936,290.11393877684947
358,0,0,3565680,0,0,4720,2.864337921142578,3.2747135162353516,-0.005559016950428486,0.0,0.0,0.0,0.0,401,255.50258323524642,285.193772829471,-69.13331719793936,290.30643846866246
359,0,0,3575640,0,0,4720,2.8633615970611572,5.128340721130371,-0.0048588719218969345,0.0,0.0,0.0,0.0,401,255.89644391683552,285.2386976803499,-69.13331719793936,290.30643846866246
360,0,0,3585600,0,0,4720,2.863248109817505,7.031981945037842,-0.00513316597789526,0.0,0.0,0.0,0.0,401,258.6071939880417,285.4484226695074,-69.13331719793936,291.50283153792276
361,0,0,3595560,0,0,4719,2.8624658584594727,4.404580593109131,-0.005552969872951508,0.0,0.0,0.0,0.0,401,254.77364846922265,285.4484226695074,-73.37974396260269,291.50283153792276
362,0,0,3605520,0,0,4719,2.8608386516571045,2.166887044906616,-0.007707605138421059,0.0,0.0,0.0,0.0,401,253.34388593655913,285.3338524337057,-73.37974396260269,291.50283153792276
363,0,0,3615480,0,0,4719,2.8580257892608643,2.4238288402557373,-0.007769681513309479,0.0,0.0,0.0,0.0,401,257.8045629817098,285.1775675240492,-73.37974396260269,291.50283153792276
364,0,0,3625440,0,0,4718,2.853884220123291,2.788538932800293,-0.011430228129029274,0.0,0.0,0.0,0.0,401,257.84087246725835,285.2317253519876,-73.37974396260269,291.50283153792276
365,0,0,3635400,0,0,4718,2.851344108581543,3.8774049282073975,-0.0074584572575986385,0.0,0.0,0.0,0.0,401,258.0197659678574,285.4663793064952,-73.37974396260269,291.50283153792276
366,0,0,3645360,0,0,4717,2.8510403633117676,2.3360893726348877,-0.008169074542820454,0.0,0.0,0.0,0.0,401,266.7984339144279,285.48293510138103,-73.37974396260269,291.50283153792276
367,0,0,3655320,0,0,4718,2.850282907485962,5.022502422332764,-0.0065496196039021015,0.0,0.0,0.0,0.0,401,268.9369662941552,285.6078679274283,-73.37974396260269,291.50283153792276
368,0,0,3665280,0,0,4718,2.8501834869384766,4.159274578094482,-0.0042906515300273895,0.0,0.0,0.0,0.0,401,262.00618267870436,285.68086645425933,-73.37974396260269,291.50283153792276
369,0,0,3675240,0,0,4718,2.8493778705596924,3.0289175510406494,-0.0073382961563766,0.0,0.0,0.0,0.0,401,259.27773306481055,285.68086645425933,-73.37974396260269,291.50283153792276
370,0,0,3685200,0,0,4719,2.8469438552856445,2.581794023513794,-0.007477942388504744,0.0,0.0,0.0,0.0,401,260.9794983493547,285.7193113387559,-73.37974396260269,291.50283153792276
371,0,0,3695160,0,0,4719,2.844759464263916,3.9978723526000977,-0.006881785113364458,0.0,0.0,0.0,0.0,401,260.15214080198547,285.68086645425933,-73.37974396260269,291.50283153792276
372,0,0,3705120,0,0,4718,2.8436696529388428,4.270958423614502,-0.007094729226082563,0.0,0.0,0.0,0.0,401,262.13028852472496,285.8258001150629,-73.37974396260269,291.49260286532757
373,0,0,3715080,0,0,4719,2.8428220748901367,5.994589805603027,-0.006932304240763187,0.0,0.0,0.0,0.0,401,265.9979051957795,286.10432018331903,-38.906181112711046,291.49260286532757
374,0,0,3725040,0,0,4720,2.842454671859741,2.9304473400115967,-0.00712962169200182,0.0,0.0,0.0,0.0,401,264.25140882420857,286.2178638226451,-38.906181112711046,291.49260286532757
375,0,0,3735000,0,0,4720,2.842226505279541,4.976900100708008,-0.006259963382035494,0.0,0.0,0.0,0.0,401,264.4461145008359,286.4257249564122,-38.906181112711046,291.49260286532757
376,0,0,3744960,0,0,4720,2.841264486312866,4.256631374359131,-0.005649737548083067,0.0,0.0,0.0,0.0,401,261.556339887717,286.6117852413297,-75.77790262270409,291.49260286532757
377,0,0,3754920,0,0,4720,2.8397843837738037,2.988163709640503,-0.008357467129826546,0.0,0.0,0.0,0.0,401,260.1430415614265,286.710034744213,-75.77790262270409,291.49260286532757
378,0,0,3764880,0,0,4721,2.8389041423797607,3.8981387615203857,-0.0050250762142241,0.0,0.0,0.0,0.0,401,257.7969767080346,286.7128856892451,-75.77790262270409,291.49260286532757
379,0,0,3774840,0,0,4720,2.837435722351074,3.4544122219085693,-0.007547879591584206,0.0,0.0,0.0,0.0,401,259.3368918451144,286.4621890354402,-75.77790262270409,291.3828892886007
380,0,0,3784800,0,0,4719,2.8359107971191406,10.162313461303711,-0.005516968667507172,0.0,0.0,0.0,0.0,401,261.0450867254931,286.7635618911796,-75.77790262270409,291.3828892886007
381,0,0,3794760,0,0,4719,2.835378646850586,4.638094425201416,-0.005852581467479467,0.0,0.0,0.0,0.0,401,256.8973823371715,286.7995899245509,-75.77790262270409,291.3828892886007
382,0,0,3804720,0,0,4720,2.8334715366363525,2.9099156856536865,-0.010196542367339134,0.0,0.0,0.0,0.0,401,256.907262990297,286.8156549810186,-75.77790262270409,291.3828892886007
383,0,0,3814680,0,0,4721,2.830508232116699,3.2046988010406494,-0.0050542596727609634,0.0,0.0,0.0,0.0,401,257.8833922259483,286.9754521141578,-75.77790262270409,292.57488876842706
384,0,0,3824640,0,0,4720,2.828528881072998,2.5523359775543213,-0.006498661357909441,0.0,0.0,0.0,0.0,401,257.62736592622804,286.97481122215225,-75.77790262270409,292.57488876842706
385,0,0,3834600,0,0,4721,2.8256759643554688,4.293266773223877,-0.007426976226270199,0.0,0.0,0.0,0.0,401,264.25190456812885,287.2422195976976,-75.77790262270409,292.57488876842706
386,0,0,3844560,0,0,4722,2.8236987590789795,3.4464833736419678,-0.010049109347164631,0.0,0.0,0.0,0.0,401,260.7748718989149,287.3185520706081,-75.77790262270409,292.57488876842706
387,0,0,3854520,0,0,4722,2.8209710121154785,3.3502137660980225,-0.007185178343206644,0.0,0.0,0.0,0.0,401,263.66846883496305,287.1967582607979,-66.7068648237803,292.57488876842706
388,0,0,3864480,0,0,4722,2.8202931880950928,4.713207244873047,-0.005463066045194864,0.0,0.0,0.0,0.0,401,259.91961096562517,287.1140242752298,-66.7068648237803,292.57488876842706
389,0,0,3874440,0,0,4722,2.8194072246551514,8.037313461303711,-0.005578949116170406,0.0,0.0,0.0,0.0,401,257.7931057246605,287.1967582607979,-66.7068648237803,292.57488876842706
390,0,0,3884400,0,0,4723,2.8191349506378174,11.468074798583984,-0.004340469837188721,0.0,0.0,0.0,0.0,401,252.5820811816047,287.1140242752298,-120.15794106331778,292.57488876842706
391,0,0,3894360,0,0,4723,2.818988561630249,8.728307723999023,-0.006153257098048925,0.0,0.0,0.0,0.0,401,247.46381868862585,287.0127174498176,-120.15794106331778,292.57488876842706
392,0,0,3904320,0,0,4723,2.817415475845337,2.7774336338043213,-0.009768311865627766,0.0,0.0,0.0,0.0,401,249.48533403742633,286.86423580878164,-120.15794106331778,292.57488876842706
393,0,0,3914280,0,0,4722,2.815441131591797,3.0970304012298584,-0.006381606683135033,0.0,0.0,0.0,0.0,401,256.4813345004051,287.0902426798911,-120.15794106331778,292.57488876842706
394,0,0,3924240,0,0,4721,2.816040515899658,5.754620552062988,-0.0058649820275604725,0.0,0.0,0.0,0.0,401,255.19604286032038,287.0127174498176,-120.15794106331778,292.57488876842706
395,0,0,3934200,0,0,4722,2.8153631687164307,4.582880973815918,-0.007009394466876984,0.0,0.0,0.0,0.0,401,255.65955496874813,287.0127174498176,-120.15794106331778,291.6781913901449
396,0,0,3944160,0,0,4721,2.8136000633239746,2.456667900085449,-0.01046511996537447,0.0,0.0,0.0,0.0,401,253.73929653829583,286.7225436842067,-120.15794106331778,291.6781913901449
397,0,0,3954120,0,0,4722,2.8089969158172607,1.7994909286499023,-0.006495619658380747,0.0,0.0,0.0,0.0,401,253.7690638567373,286.8251090982783,-120.15794106331778,292.5388969519386
398,0,0,3964080,0,0,4721,2.803572416305542,3.2702322006225586,-0.009019128046929836,0.0,0.0,0.0,0.0,401,259.32358306057256,286.95114930368857,-120.15794106331778,292.5388969519386
399,0,0,3974040,0,0,4721,2.8006441593170166,4.268208980560303,-0.006624049041420221,0.0,0.0,0.0,0.0,401,257.93786310894853,286.93336632818847,-120.15794106331778,292.5388969519386
400,0,0,3984000,0,0,4721,2.799319267272949,9.866345405578613,-0.004810699261724949,0.0,0.0,0.0,0.0,401,257.45446295559793,286.7059336531146,-120.15794106331778,292.5388969519386
401,0,0,3993960,0,0,4720,2.7991995811462402,7.205812931060791,-0.006518909242004156,0.0,0.0,0.0,0.0,401,255.9995158474975,286.93336632818847,-120.15794106331778,292.5388969519386
